S.No.,Name,CMP Rs.,P/E,Mar Cap Rs.Cr.,ROCE %,Sales Rs.Cr.,OPM %,Debt / Eq,EPS 12M Rs.,Prom. Hold. %,Free Cash Flow 3Yrs Rs.Cr.,CF Opr 3Yrs Rs.Cr.,Ind PE,Chg in FII Hold %,Chg in DII Hold %,WC Days,Cash Cycle,Mar Cap Rs.Cr._num,P/E_num,Ind PE_num,ROCE %_num,Sales Rs.Cr._num,OPM %_num,Debt / Eq_num,EPS 12M Rs._num,Prom. Hold. %_num,Free Cash Flow 3Yrs Rs.Cr._num,CF Opr 3Yrs Rs.Cr._num,Chg in FII Hold %_num,Chg in DII Hold %_num,WC Days_num,Cash Cycle_num,sc_roce,sc_fcf3,sc_debteq,sc_valuation,sc_cfop3,sc_opm,sc_prom,sc_wceff,investment_score,rank
20,Travel Food,1290.0,42.59,16986.65,41.69,1687.74,32.83,0.32,27.58,86.19,1030.65,1205.7,144.39,,,-60.6,-427.08,16986.65,42.59,144.39,41.69,1687.74,32.83,0.32,27.58,86.19,1030.65,1205.7,,,-60.6,-427.08,0.6003465274049494,1.0,0.2677345537757435,0.7305659359354402,1.0,0.5962621224122806,1.0,1.0,0.7795255666933364,1
16,Ganesh Housing,812.5,12.86,6775.2,44.02,833.42,84.41,0.03,63.19,73.06,681.61,1078.31,40.05,-0.04,-0.1,429.09,130.82,6775.2,12.86,40.05,44.02,833.42,84.41,0.03,63.19,73.06,681.61,1078.31,-0.04,-0.1,429.09,130.82,0.6572063058226371,0.9691791320366787,0.931350114416476,1.0,0.9664162691519916,1.0,0.9179072735006384,0.12073296913848264,0.7790590349745142,2
23,Action Const.Eq.,1022.0,29.11,12170.3,40.11,3232.42,15.48,0.08,35.1,65.42,712.49,1119.68,32.55,-1.08,-0.22,-20.84,-18.09,12170.3,29.11,32.55,40.11,3232.42,15.48,0.08,35.1,65.42,712.49,1119.68,-1.08,-0.22,-20.84,-18.09,0.5617892527697793,1.0,0.8169336384439359,0.6770923257977546,1.0,0.22482926933698733,0.5929391748192261,0.714247839299347,0.7210275085476869,3
2,Tips Music,495.0,36.39,6327.66,108.83,333.45,65.14,0.01,13.6,64.15,429.34,434.26,39.63,0.05,0.95,64.13,32.28,6327.66,36.39,39.63,108.83,333.45,65.14,0.01,13.6,64.15,429.34,434.26,0.05,0.95,64.13,32.28,1.0,0.6094835194762053,0.977116704805492,0.6619693815609092,0.3870777971375345,1.0,0.538919608677159,0.4617755383513953,0.7207254034322019,4
37,BLS Internat.,313.95,22.88,12926.61,33.62,2411.2,29.05,0.21,13.72,70.39,1146.54,1439.21,36.98,-1.72,0.03,-41.72,20.26,12926.61,22.88,36.98,33.62,2411.2,29.05,0.21,13.72,70.39,1146.54,1439.21,-1.72,0.03,-41.72,20.26,0.4034115867050615,1.0,0.5194508009153317,0.8512839368567606,1.0,0.515338999379162,0.8043385793279458,0.7215001586202794,0.717731643815577,5
3,Waaree Renewab.,1180.6,34.85,12307.35,82.31,2214.9,21.39,0.12,33.58,74.39,300.28,495.76,35.4,0.07,-0.02,-10.73,46.57,12307.35,34.85,35.4,82.31,2214.9,21.39,0.12,33.58,74.39,300.28,495.76,0.07,-0.02,-10.73,46.57,1.0,0.4254651433036334,0.7254004576659039,0.6201162110500817,0.4423985269393963,0.35135192995226017,0.9744789451297323,0.6208444416531658,0.6408703547259524,6
57,Elecon Engg.Co,537.75,26.86,12067.11,28.46,2395.16,24.79,0.11,23.05,59.27,970.49,1106.23,47.99,-1.3,0.33,63.29,87.42,12067.11,26.86,47.99,28.46,2395.16,24.79,0.11,23.05,59.27,970.49,1106.23,-1.3,0.33,63.29,87.42,0.2774903606813414,1.0,0.7482837528604118,0.8885822449844446,0.9915309809579752,0.42413992421485364,0.33134836239897947,0.4041793434228411,0.637946082071412,7
5,Esab India,4761.8,42.64,7329.85,70.03,1395.88,17.31,0.01,111.68,73.72,384.79,470.35,28.74,-0.03,-0.05,26.36,31.2,7329.85,42.64,28.74,70.03,1395.88,17.31,0.01,111.68,73.72,384.79,470.35,-0.03,-0.05,26.36,31.2,1.0,0.5459625318852548,0.977116704805492,0.3046140857847238,0.4195416205285783,0.2640063368371479,0.945980433857933,0.5509860090772759,0.6356673042271332,8
53,Master Trust,125.85,13.1,1548.16,30.09,528.38,43.18,0.22,10.29,71.93,584.95,597.61,17.38,-0.15,0.05,-472.77,100.37,1548.16,13.1,17.38,30.09,528.38,43.18,0.22,10.29,71.93,584.95,597.61,-0.15,0.05,-472.77,100.37,0.317267802235346,0.8313578377484345,0.49656750572082364,0.7892974237113924,0.5340150526356504,0.8178373402410579,0.8698426201616338,0.6536206714059519,0.635032091946623,9
21,Triveni Turbine,515.85,47.99,16397.85,41.36,1913.8,21.66,0.03,10.75,55.84,541.0,653.44,47.99,-1.85,1.73,47.25,19.68,16397.85,47.99,47.99,41.36,1913.8,21.66,0.03,10.75,55.84,541.0,653.44,-1.85,1.73,47.25,19.68,0.5922934257406417,0.7686923516738604,0.931350114416476,0.6102964312768941,0.5842354810069992,0.35713215302605433,0.18545299872394755,0.5147324792935649,0.6069810952857749,10
14,Prudent Corp.,2635.0,53.16,10910.66,44.06,1181.62,23.2,0.04,49.57,55.31,412.69,436.93,53.16,-0.62,0.71,0.32,46.51,10910.66,53.16,53.16,44.06,1181.62,23.2,0.04,49.57,55.31,412.69,436.93,-0.62,0.71,0.32,46.51,0.6581824393577047,0.5857433523967591,0.9084668192219679,0.6035553790125873,0.3894795263825909,0.39010083278028784,0.16290940025521078,0.5951510688261243,0.5753635444273154,11
113,Thomas Cook (I),155.8,28.69,7336.52,18.69,8441.59,5.51,0.21,5.33,63.83,1950.61,2194.83,36.98,0.91,-0.45,-63.43,28.34,7336.52,28.69,36.98,18.69,8441.59,5.51,0.21,5.33,63.83,1950.61,2194.83,0.91,-0.45,-63.43,28.34,0.03906974474108059,1.0,0.5194508009153317,0.7519834115078936,1.0,0.0113891802787352,0.5253083794130159,0.7314170981490001,0.572074271911413,12
73,Caplin Point Lab,1932.5,24.95,14689.26,25.85,2039.67,34.19,0.0,77.46,70.57,491.32,1022.13,32.82,0.35,-0.12,174.3,175.28,14689.26,24.95,32.82,25.85,2039.67,34.19,0.0,77.46,70.57,491.32,1022.13,0.35,-0.12,174.3,175.28,0.21379764751818064,0.6978568261178913,1.0,0.7618542953980256,0.9158810073590062,0.6253773201173181,0.8119948957890258,0.0727136836602662,0.5641489543531406,13
26,Indrapr.Medical,619.9,32.52,5682.81,39.1,1404.77,18.36,0.05,19.06,51.0,351.07,501.37,55.24,-0.32,-0.05,-18.66,20.3,5682.81,32.52,55.24,39.1,1404.77,18.36,0.05,19.06,51.0,351.07,501.37,-0.32,-0.05,-18.66,20.3,0.5371418810093225,0.4978833466648989,0.8855835240274599,0.8515684248865403,0.4474448569262003,0.2864849821241253,0.0,0.6677027896203376,0.5542686427743275,14
102,NESCO,1355.7,23.09,9552.26,21.12,831.07,57.58,0.0,58.7,68.54,121.33,1022.32,22.31,0.0,0.91,-23.11,0.18,9552.26,23.09,22.31,21.12,831.07,57.58,0.0,58.7,68.54,121.33,1022.32,0.0,0.91,-23.11,0.18,0.09836985699643716,0.17031181604436071,1.0,0.5881992258576154,0.9160519169307519,1.0,0.7256486601446198,0.6998067165751971,0.5454148893805069,15
92,Nucleus Soft.,1030.9,17.12,2760.06,22.6,865.89,19.07,0.0,60.22,73.6,376.36,422.81,32.5,-0.14,0.02,-42.94,60.26,2760.06,17.12,32.5,22.6,865.89,19.07,0.0,60.22,73.6,376.36,422.81,-0.14,0.02,-42.94,60.26,0.1344867977939383,0.5339427355801658,1.0,0.909395661322857,0.37677824662970816,0.3016848279848434,0.9408762228838792,0.6811418116074812,0.5416868631538778,16
4,Shilchar Tech.,4381.75,28.23,5012.81,71.3,715.63,30.79,0.0,155.48,64.01,121.23,155.26,35.4,0.61,0.2,112.48,119.76,5012.81,28.23,35.4,71.3,715.63,30.79,0.0,155.48,64.01,121.23,155.26,0.61,0.2,112.48,119.76,1.0,0.17016923245829796,1.0,0.7383106512291773,0.13611058389006375,0.5525893258547245,0.5329646958740966,0.2545856579990806,0.5415709860826231,17
7,Sigma Solve,55.36,24.87,568.96,58.79,89.37,31.7,0.05,2.23,73.22,36.49,45.15,33.8,0.0,0.0,78.06,100.34,568.96,24.87,33.8,58.79,89.37,31.7,0.05,2.23,73.22,36.49,45.15,0.0,0.0,78.06,100.34,1.0,0.04934390162873233,0.8855835240274599,0.7772812845022647,0.03706398944318561,0.5720708184367717,0.9247128881327097,0.3557953141609431,0.5366736834974917,18
105,Garware Hi Tech,3403.8,24.27,7907.84,20.57,2129.88,20.28,0.0,140.27,60.72,583.27,719.79,23.86,-0.28,0.07,27.68,67.86,7907.84,24.27,23.86,20.57,2129.88,20.28,0.0,140.27,60.72,583.27,719.79,-0.28,0.07,27.68,67.86,0.08494802088925768,0.8289624335025804,1.0,0.599435783282682,0.6439189025086826,0.3275887906488841,0.39302424500212685,0.5083141648461258,0.5357747754994177,19
1,Ksolves India,315.5,24.12,748.11,157.26,148.38,30.08,0.08,13.08,58.94,78.07,88.06,27.65,-0.39,0.0,22.95,56.07,748.11,24.12,27.65,157.26,148.38,30.08,0.08,13.08,58.94,78.07,88.06,-0.39,0.0,22.95,56.07,1.0,0.1086301567136195,0.8169336384439359,0.690986835354953,0.07566256693583424,0.5373894799940064,0.31731178222033185,0.5320739219902544,0.5294999608251516,20
9,Arrow Greentech,590.25,16.53,890.57,53.25,218.84,34.05,0.0,35.7,64.81,67.78,88.93,21.36,-0.13,0.58,70.05,80.87,890.57,16.53,21.36,53.25,218.84,34.05,0.0,35.7,64.81,67.78,88.93,-0.13,0.58,70.05,80.87,0.8824491190394854,0.09395830570776359,1.0,0.7532148501719552,0.07644515286961669,0.6223801674123877,0.5669927690344537,0.3954957665164377,0.5281595054240341,21
103,TajGVK Hotels,411.4,21.11,2579.54,20.8,465.27,31.88,0.12,19.49,74.99,242.67,339.29,34.4,0.18,-1.88,-31.46,-779.1,2579.54,21.11,34.4,20.8,465.27,31.88,0.12,19.49,74.99,242.67,339.29,0.18,-1.88,-31.46,-779.1,0.09056078871589637,0.34332273937288904,0.7254004576659039,0.85447573945726,0.3016499969865944,0.5759243004859678,1.0,0.9574395673558824,0.526137690180712,22
34,Cigniti Tech.,1689.6,16.26,4639.13,34.09,2148.2,16.74,0.02,104.14,55.04,415.05,446.49,33.8,0.55,-0.55,80.48,74.09,4639.13,16.26,33.8,34.09,2148.2,16.74,0.02,104.14,55.04,415.05,446.49,0.55,-0.55,80.48,74.09,0.4148811557421059,0.5891083250278398,0.954233409610984,0.9382823579927956,0.39807897641357953,0.25180364368136016,0.15142492556359008,0.3785056244963695,0.519384824876496,23
13,Advani Hotels.,57.54,21.12,531.89,45.29,105.28,31.27,0.01,2.72,50.25,66.69,76.38,34.4,-0.01,0.0,-45.2,-13.18,531.89,21.12,34.4,45.29,105.28,31.27,0.01,2.72,50.25,66.69,76.38,-0.01,0.0,-45.2,-13.18,0.6881985455610332,0.09240414461967973,0.977116704805492,0.8542920078483959,0.0651561258937896,0.5628652779859142,0.0,0.7657293052443894,0.5169229454761601,24
108,Jindal Saw,164.5,7.66,10519.91,19.37,18636.17,15.01,0.43,21.48,63.24,4445.05,6543.9,22.8,0.23,-0.42,41.18,136.35,10519.91,7.66,22.8,19.37,18636.17,15.01,0.43,21.48,63.24,4445.05,6543.9,0.23,-0.42,41.18,136.35,0.05566401483722975,1.0,0.016018306636155333,0.968866394463726,1.0,0.21476739954186413,0.5002126754572525,0.4028718709843202,0.5165394274521312,25
39,Escorp Asset Mgt,167.0,15.43,185.65,32.96,19.6,97.55,0.0,14.64,67.62,32.7,32.71,30.53,0.0,0.0,3.91,0.56,185.65,15.43,30.53,32.96,19.6,97.55,0.0,14.64,67.62,32.7,32.71,0.0,0.0,3.91,0.56,0.3873053833764462,0.0439399837169545,1.0,0.9228989432597277,0.025873910114158596,1.0,0.6865163760102088,0.6364111441627687,0.5109138491809946,26
75,EIH Assoc.Hotels,373.15,22.99,2273.84,25.7,412.5,31.65,0.01,15.5,75.0,194.7,277.51,34.4,-0.01,0.0,-16.97,23.63,2273.84,22.99,34.4,25.7,412.5,31.65,0.01,15.5,75.0,194.7,277.51,-0.01,0.0,-16.97,23.63,0.2101371467616771,0.27492539313859277,0.977116704805492,0.8199341969908125,0.2460774004474232,0.5710004067564394,1.0,0.660166717692139,0.5074503865338915,27
117,Route Mobile,696.6,14.95,4388.41,17.74,4529.04,10.63,0.01,27.15,74.86,485.32,578.1,14.95,-0.62,-0.67,7.39,74.41,4388.41,14.95,14.95,17.74,4529.04,10.63,0.01,27.15,74.86,485.32,578.1,-0.62,-0.67,7.39,74.41,0.015886573283225066,0.689301810954127,0.977116704805492,0.72531909372611,0.5164653381895639,0.12099933634475839,0.9944704381114421,0.5485369384704013,0.5070317868301951,28
12,ADC India,1514.95,31.01,696.88,46.57,183.56,14.5,0.0,48.85,72.02,41.12,41.12,54.76,-0.23,0.0,8.21,28.54,696.88,31.01,54.76,46.57,183.56,14.5,0.0,48.85,72.02,41.12,41.12,-0.23,0.0,8.21,28.54,0.7194348186831964,0.05594552166343717,1.0,0.8697127901612335,0.03343890747405547,0.2038492004024751,0.8736707783921736,0.5961676363050757,0.4988848422384731,29
29,Benares Hotels,9329.1,28.03,1212.78,37.33,136.9,42.86,0.02,332.85,62.58,80.21,110.22,34.4,0.0,0.0,-0.05,10.89,1212.78,28.03,34.4,37.33,136.9,42.86,0.02,332.85,62.58,80.21,110.22,0.0,0.0,-0.05,10.89,0.49394797208258123,0.11168144545536213,0.954233409610984,0.7273334661233147,0.09559602014574088,0.8109867054869315,0.47213951509995755,0.6344851510828449,0.49872059206171043,30
61,Newgen Software,947.95,41.03,13491.01,27.97,1532.45,25.64,0.03,23.27,53.76,579.33,632.74,27.65,-1.52,0.12,71.6,136.65,13491.01,41.03,27.65,27.97,1532.45,25.64,0.03,23.27,53.76,579.33,632.74,-1.52,0.12,71.6,136.65,0.26553272487676327,0.8233446402117086,0.931350114416476,0.3044500838082177,0.5656153329273481,0.4423369227805021,0.09698000850701835,0.33163711037302934,0.4967452853922541,31
59,Nicco Parks,94.49,26.88,442.21,28.15,76.56,29.94,0.0,2.24,69.38,45.3,62.67,35.24,0.0,0.0,-76.0,-216.17,442.21,26.88,35.24,28.15,76.56,29.94,0.0,2.24,69.38,45.3,62.67,0.0,0.0,-76.0,-216.17,0.26992532578456746,0.06190551556085969,1.0,0.760234771241617,0.052823651006252595,0.5343923272890762,0.7613781369629945,0.9955015671611163,0.4885053851450972,32
6,Network People,1770.0,94.08,3432.96,69.23,147.96,32.64,0.09,18.82,64.79,84.33,103.93,33.8,0.09,2.66,-3.1,67.1,3432.96,94.08,33.8,69.23,147.96,32.64,0.09,18.82,64.79,84.33,103.93,0.09,2.66,-3.1,67.1,1.0,0.11755588920114701,0.7940503432494279,0.0,0.08993801379690006,0.592194558027018,0.5661420672054449,0.5808849315735912,0.486569312443875,33
69,Dodla Dairy,1199.2,27.82,7234.51,26.55,3836.53,9.25,0.04,43.11,58.92,363.33,679.87,27.47,-1.12,2.28,-5.59,2.05,7234.51,27.82,27.47,26.55,3836.53,9.25,0.04,43.11,58.92,363.33,679.87,-1.12,2.28,-5.59,2.05,0.2308799843818636,0.5153640943161908,0.9084668192219679,0.6022435424136849,0.6080099019608725,0.09145597396758806,0.3164610803913231,0.6569468992121474,0.48463152839741047,34
8,One Global Serv,403.05,29.88,787.68,56.38,196.07,18.23,0.0,37.4,66.24,15.52,15.8,36.39,-9.54,0.0,58.7,134.29,787.68,29.88,36.39,56.38,196.07,18.23,0.0,37.4,66.24,15.52,15.8,-9.54,0.0,58.7,134.29,0.9588315681585248,0.019444123631375813,1.0,0.7233648330780982,0.010662958228801141,0.2837019117552615,0.6278179498085921,0.3642566733227862,0.48345750715304375,35
10,Jyoti Resins,1219.8,20.19,1463.76,49.98,290.05,29.89,0.0,60.43,53.89,36.22,42.41,31.56,-0.04,-0.27,30.73,122.37,1463.76,20.19,31.56,49.98,290.05,29.89,0.0,60.43,53.89,36.22,42.41,-0.04,-0.27,30.73,122.37,0.802650202547709,0.048958925946362926,1.0,0.8379978783991721,0.034599293513801845,0.533321915608744,0.10250957039557651,0.44233059469842684,0.4823888021755291,36
30,Amal,711.4,22.68,879.48,36.32,186.06,27.47,0.0,31.37,71.35,32.3,60.45,31.56,0.0,0.0,-11.01,-8.61,879.48,22.68,31.56,36.32,186.06,27.47,0.0,31.37,71.35,32.3,60.45,0.0,0.0,-11.01,-8.61,0.4693006003221244,0.04336964937270353,1.0,0.7881318622747682,0.050826707589014655,0.4815139902806626,0.8451722671203743,0.6810946222860137,0.4790041126523309,37
22,Evans Electric,160.0,12.8,87.81,40.82,25.48,37.52,0.0,13.79,59.44,9.49,10.58,22.31,0.0,0.0,138.95,-265.18,87.81,12.8,22.31,40.82,25.48,37.52,0.0,13.79,59.44,9.49,10.58,0.0,0.0,138.95,-265.18,0.5791156230172292,0.010846333391792608,1.0,0.8797123588888682,0.005967442626106527,0.6966667380274465,0.3385793279455552,0.5602042005641155,0.47718664171794156,38
44,Alldigi Tech,875.45,18.44,1334.04,31.36,576.89,24.3,0.24,47.07,73.39,230.2,280.57,35.28,0.55,0.01,12.32,48.02,1334.04,18.44,35.28,31.36,576.89,24.3,0.24,47.07,73.39,230.2,280.57,0.55,0.01,12.32,48.02,0.3482600419737422,0.3255425661908654,0.45080091533180766,0.9119828997817909,0.24882994407658904,0.41364988974759753,0.9319438536792857,0.5655475043956959,0.4687162048700187,39
63,Cemindia Project,856.4,33.03,14711.89,27.64,9442.39,9.54,0.48,25.93,67.46,467.61,1378.1,21.16,-0.85,-0.07,-3.23,-64.34,14711.89,33.03,21.16,27.64,9442.39,9.54,0.48,25.93,67.46,467.61,1378.1,-0.85,-0.07,-3.23,-64.34,0.25747962321245565,0.6640502578624158,0.0,0.2557465239789115,1.0,0.09766436171351514,0.6797107613781369,0.7231505169219131,0.46210518039141085,40
28,Wealth First Por,1064.3,30.42,1134.01,37.51,56.52,77.05,0.0,33.92,74.04,44.71,45.49,30.53,0.0,-0.09,481.01,35.67,1134.01,30.42,30.53,37.51,56.52,77.05,0.0,33.92,74.04,44.71,45.49,0.0,-0.09,481.01,35.67,0.4983405729903854,0.06106427240308953,1.0,0.6125736681191531,0.03736982762420404,1.0,0.9595916631220762,0.2235002883749262,0.4583799450653735,41
99,Railtel Corpn.,351.65,34.89,11285.8,21.84,3771.07,15.14,0.03,9.99,72.84,384.35,1095.51,14.95,-0.13,0.0,29.53,165.98,11285.8,34.89,14.95,21.84,3771.07,15.14,0.03,9.99,72.84,384.35,1095.51,-0.13,0.0,29.53,165.98,0.1159402606276539,0.5453351641065788,0.931350114416476,0.035736445127984795,0.9818880830152766,0.217550469910728,0.9085495533815401,0.3980266247399351,0.45403906757396034,42
62,Fiem Industries,2106.5,26.31,5544.24,27.8,2503.81,13.31,0.02,81.14,54.52,258.56,498.83,32.44,2.51,1.54,29.03,37.23,5544.24,26.31,32.44,27.8,2503.81,13.31,0.02,81.14,54.52,258.56,498.83,2.51,1.54,29.03,37.23,0.261384157352726,0.3659792711982584,0.954233409610984,0.7297287735222295,0.44516006580918027,0.1783734024105674,0.129306678009358,0.5382493506744768,0.4434249873471324,43
88,U P Hotels,1557.0,24.94,840.78,23.58,160.52,29.41,0.0,62.43,88.39,52.27,85.22,34.4,0.0,0.0,-6.61,-51.98,840.78,24.94,34.4,23.58,160.52,29.41,0.0,62.43,88.39,52.27,85.22,0.0,0.0,-6.61,-51.98,0.15840206940309437,0.07184359150943266,1.0,0.7841065332623163,0.07310791860026859,0.5230459634775543,1.0,0.7176799974900586,0.44172717334002815,44
56,Systango Tech,272.85,12.38,400.24,28.74,83.85,40.12,0.0,22.04,72.13,20.78,26.2,27.65,-0.01,0.29,88.83,84.1,400.24,12.38,27.65,28.74,83.85,40.12,0.0,22.04,72.13,20.78,26.2,-0.01,0.29,88.83,84.1,0.28432329542681456,0.026944020258275924,1.0,0.9593452897108768,0.02001800847171761,0.7523281454047237,0.8783496384517226,0.3482299417227004,0.43157458067674115,45
110,L T Foods,404.3,22.07,14039.44,19.18,9732.83,11.13,0.33,18.32,51.0,894.23,1477.78,19.9,-0.03,1.12,99.66,201.62,14039.44,22.07,19.9,19.18,9732.83,11.13,0.33,18.32,51.0,894.23,1477.78,-0.03,1.12,99.66,201.62,0.05102738054565863,1.0,0.24485125858123546,0.5413758426412858,1.0,0.13170345314808096,0.0,0.19605642820632574,0.43140699577714076,46
43,Pecos Hotels,324.0,29.68,42.44,31.66,10.55,17.54,0.0,10.92,69.62,3.68,4.17,144.39,0.0,0.0,-11.76,-20.31,42.44,29.68,144.39,31.66,10.55,17.54,0.0,10.92,69.62,3.68,4.17,0.0,0.0,-11.76,-20.31,0.35558104348674924,0.002562227041547432,1.0,0.8856942509660959,0.00020149338984743148,0.2689302305666763,0.7715865589111021,0.6954795688602193,0.43001251487250924,47
45,Foseco India,5503.0,42.57,3514.47,31.34,592.95,17.69,0.0,124.07,74.98,133.93,158.06,31.56,-0.03,0.09,23.54,-23.31,3514.47,42.57,31.56,31.34,592.95,17.69,0.0,124.07,74.98,133.93,158.06,-0.03,0.09,23.54,-23.31,0.34777197520620845,0.1882773478882659,1.0,0.3898045286545301,0.13862925126315667,0.2721414656076731,0.9995746490854959,0.6164334361913377,0.42971113705440633,48
31,Global Education,70.63,18.14,359.52,35.93,69.91,38.85,0.0,3.89,72.0,57.17,66.5,28.2,0.03,0.0,252.87,141.28,359.52,18.14,28.2,35.93,69.91,38.85,0.0,3.89,72.0,57.17,66.5,0.03,0.0,252.87,141.28,0.4597832983552153,0.0788301872265069,1.0,0.8357676918795178,0.056268828163018945,0.7251396887242845,0.8728200765631648,0.10943558438584777,0.429496659479062,49
27,Indo Tech.Trans.,1664.1,22.91,1767.27,37.8,693.56,13.26,0.03,72.64,75.0,51.7,83.58,47.99,0.01,0.19,72.82,135.36,1767.27,22.91,47.99,37.8,693.56,13.26,0.03,72.64,75.0,51.7,83.58,0.01,0.19,72.82,135.36,0.5054175411196254,0.07103086506887504,0.931350114416476,0.9406044392175172,0.0716326991388856,0.17730299073023512,1.0,0.3301864933538492,0.4269066795910889,50
70,Vikram Solar,321.3,44.54,11621.97,26.45,3423.45,14.37,0.09,4.42,63.12,314.62,646.13,35.4,,,61.24,73.89,11621.97,44.54,35.4,26.45,3423.45,14.37,0.09,4.42,63.12,314.62,646.13,,,61.24,73.89,0.22843965054419457,0.44591162954503033,0.7940503432494279,0.4471095455915569,0.577659960115103,0.20106613003361123,0.49510846448319873,0.42357116596918964,0.42514995203635325,51
32,Shanthi Gears,477.65,39.43,3664.33,34.87,577.52,21.29,0.0,12.11,70.47,132.77,190.12,34.71,-0.04,-0.2,88.39,105.55,3664.33,39.43,34.71,34.87,577.52,21.29,0.0,12.11,70.47,132.77,190.12,-0.04,-0.2,88.39,105.55,0.4339157596759239,0.1866233782899381,1.0,0.5243496324637471,0.16746799268507032,0.3492111065915956,0.8077413866439814,0.32608840752238777,0.4175110312277709,52
35,Dreamfolks Servi,122.11,9.36,650.48,33.7,1320.04,7.05,0.04,13.06,65.72,125.62,128.92,9.36,-0.65,-3.09,37.86,83.15,650.48,9.36,9.36,33.7,1320.04,7.05,0.04,13.06,65.72,125.62,128.92,-0.65,-3.09,37.86,83.15,0.4053638537751968,0.17642865188645224,0.9084668192219679,0.901173043982954,0.11241712010175414,0.04435786003296873,0.60569970225436,0.4680699531985373,0.4134954635587929,53
47,Siddhika Coatins,231.0,16.71,142.73,31.1,51.6,20.62,0.0,13.82,63.09,11.91,12.94,42.23,0.0,0.0,6.54,93.34,142.73,16.71,42.23,31.1,51.6,20.62,0.0,13.82,63.09,11.91,12.94,0.0,0.0,6.54,93.34,0.3419151739958029,0.01429685617451091,1.0,0.9922423811761879,0.00809031941199911,0.3348675900751434,0.49383241173968556,0.5300728783812714,0.40896498744457077,54
18,Fluidomat,847.25,20.22,417.69,42.24,68.98,36.47,0.0,41.93,53.45,21.31,29.71,34.71,0.0,0.0,155.43,147.12,417.69,20.22,34.71,42.24,68.98,36.47,0.0,41.93,53.45,21.31,29.71,0.0,0.0,155.43,147.12,0.6137683635121289,0.027699713264408444,1.0,0.8741458200062378,0.02317533792870192,0.674188092740469,0.0837941301573801,0.12491644458395701,0.4083717136183109,55
42,Gyan Developers,37.54,8.66,11.26,32.01,3.61,47.37,0.0,4.33,64.86,2.42,2.42,40.05,0.0,0.0,156.58,265.25,11.26,8.66,40.05,32.01,3.61,47.37,0.0,4.33,64.86,2.42,2.42,0.0,0.0,156.58,265.25,0.3641222119185907,0.0007656738571569114,1.0,1.0,0.0,0.9075378390529011,0.5691195236069759,0.01910767150749404,0.39505348796691253,56
55,All E Tech,255.85,17.02,516.67,29.6,138.34,21.92,0.0,15.35,50.06,45.21,52.1,27.65,-0.9,0.0,-5.71,45.38,516.67,17.02,27.65,29.6,138.34,21.92,0.0,15.35,50.06,45.21,52.1,-0.9,0.0,-5.71,45.38,0.30531016643076797,0.06177719033340323,1.0,0.8532819823674793,0.04331568167282691,0.3626982937637821,0.0,0.6104278037052633,0.3909112376890326,57
11,Shine Fashions,42.4,15.12,105.39,47.55,80.45,11.7,0.25,2.89,65.2,1.7,1.77,22.36,0.0,0.0,45.42,42.31,105.39,15.12,22.36,47.55,80.45,11.7,0.25,2.89,65.2,1.7,1.77,0.0,0.0,45.42,42.31,0.7433500902923524,0.0,0.4279176201372996,0.8149451771501185,0.0,0.14390614630386867,0.5835814547001279,0.49455664789539666,0.3907094823369151,58
115,Bikaji Foods,717.45,88.85,17978.77,18.16,2699.7,12.32,0.17,8.08,73.92,276.45,609.28,57.53,-0.3,1.4,28.34,22.08,17978.77,88.85,57.53,18.16,2699.7,12.32,0.17,8.08,73.92,276.45,609.28,-0.3,1.4,28.34,22.08,0.026135975401434888,0.39148747474488255,0.6109839816933638,0.3983798577772313,0.5445124984370768,0.15717925113998868,0.9544874521480224,0.5562206267163459,0.3857877155488826,59
84,Intl. Travel Hse,449.85,13.69,359.63,24.07,235.33,15.53,0.01,32.86,61.69,67.48,95.97,36.98,0.0,0.0,12.97,92.07,359.63,13.69,36.98,24.07,235.33,15.53,0.01,32.86,61.69,67.48,95.97,0.0,0.0,12.97,92.07,0.17035970520767252,0.09353055494957538,0.977116704805492,1.0,0.08277780226482168,0.2258996810173196,0.43428328370906005,0.516455855003802,0.3805400132762362,60
41,Banco Products,798.6,26.4,11422.96,32.36,3378.73,19.54,0.44,30.25,67.88,314.27,580.94,32.44,0.57,-0.14,106.26,231.3,11422.96,26.4,32.44,32.36,3378.73,19.54,0.44,30.25,67.88,314.27,580.94,0.57,-0.14,106.26,231.3,0.37266338035043217,0.4454125869938107,0.0,0.7279752807323308,0.5190199865251296,0.3117466977799666,0.6975754997873246,0.1486153949759822,0.3766604742083548,61
120,Savera Industrie,159.0,13.15,189.69,17.18,83.8,19.99,0.07,13.68,62.8,38.95,33.51,34.4,0.0,0.0,-51.59,-45.58,189.69,13.15,34.4,17.18,83.8,19.99,0.07,13.68,62.8,38.95,33.51,0.0,0.0,-51.59,-45.58,0.0022207037922787254,0.05285145784587573,0.8398169336384439,1.0,0.026593529363613706,0.3213804029029569,0.4814972352190558,0.8112548305500292,0.3755566052615895,62
123,MKVentures Cap.,1335.65,60.61,513.35,16.55,23.59,53.54,0.0,22.04,74.36,29.47,30.73,30.71,0.0,0.0,-252.93,0.0,513.35,60.61,30.71,16.55,23.59,53.54,0.0,22.04,74.36,29.47,30.73,0.0,0.0,-252.93,0.0,0.0,0.039334533887128,1.0,0.0,0.02409285247175719,1.0,0.9732028923862188,0.7620258824596761,0.3732402190128637,63
38,Timescan Logist.,61.75,7.34,43.15,33.03,257.96,3.78,0.17,8.39,72.94,4.87,14.95,25.5,0.0,0.0,18.54,34.58,43.15,7.34,25.5,33.03,257.96,3.78,0.17,8.39,72.94,4.87,14.95,0.0,0.0,18.54,34.58,0.3890136170628145,0.004258971715694035,0.6109839816933638,0.9978216996607908,0.009898362776255082,0.0,0.9128030625265845,0.5655642832664547,0.3709997177850401,64
52,Party Cruisers,64.5,9.75,77.02,30.13,110.83,11.68,0.0,6.63,67.9,4.18,14.44,17.58,-0.01,0.0,76.8,30.46,77.02,9.75,17.58,30.13,110.83,11.68,0.0,6.63,67.9,4.18,14.44,-0.01,0.0,76.8,30.46,0.3182439357704136,0.00327514497186113,1.0,0.901173043982954,0.009439605504727448,0.14347798163173578,0.698426201616334,0.43420675211271453,0.36976520215812053,65
50,I T D C,590.4,63.17,5063.83,30.54,584.88,14.81,0.0,9.28,87.03,13.78,37.97,34.4,0.01,0.0,41.14,-1155.32,5063.83,63.17,34.4,30.54,584.88,14.81,0.0,9.28,87.03,13.78,37.97,0.01,0.0,41.14,-1155.32,0.32824930450485645,0.01696316923388414,1.0,0.08170059257492834,0.03060540667932597,0.2104857528205351,1.0,0.7882048532599826,0.36955239794422445,66
19,Frontier Springs,4235.0,39.33,1668.59,41.83,255.93,23.58,0.05,107.71,51.76,12.48,43.3,32.44,0.0,-0.02,64.33,92.16,1668.59,39.33,32.44,41.83,255.93,23.58,0.05,107.71,51.76,12.48,43.3,0.0,-0.02,64.33,92.16,0.603762994777686,0.015109582615068525,0.8855835240274599,0.4760568165835235,0.03539986992882066,0.398235961550813,0.011909825606125102,0.39663557950462636,0.36339296089361284,67
33,Insolation Ener,172.05,30.0,3791.0,34.73,1333.76,12.09,0.18,5.73,66.1,11.08,141.97,29.15,-0.15,0.13,2.0,31.79,3791.0,30.0,29.15,34.73,1333.76,12.09,0.18,5.73,66.1,11.08,141.97,-0.15,0.13,2.0,31.79,0.4304992923031873,0.01311341241019017,0.5881006864988557,0.5918665436501849,0.1241559091084907,0.15225535741046028,0.6218630370055295,0.6071333165262747,0.35652353993869235,68
76,Innovana Think.,481.85,21.21,995.5,25.6,110.45,54.25,0.22,22.9,73.22,6.79,37.85,27.65,0.19,0.32,124.05,103.38,995.5,21.21,27.65,25.6,110.45,54.25,0.22,22.9,73.22,6.79,37.85,0.19,0.32,124.05,103.38,0.20769681292400816,0.006996576568098638,0.49656750572082364,0.7575049871586785,0.0304974637919077,1.0,0.9247128881327097,0.24530664805296487,0.3544273151801426,69
24,Olatech Solution,194.0,20.51,86.34,39.93,21.04,27.09,0.13,9.53,62.72,2.31,4.43,32.5,0.0,0.0,119.87,598.91,86.34,20.51,32.5,39.93,21.04,27.09,0.13,9.53,62.72,2.31,4.43,0.0,0.0,119.87,598.91,0.5573966518619751,0.000608831912487898,0.7025171624713957,0.8434693680942604,0.0004353696459203431,0.47337886151013747,0.4780944279030201,0.10468076178931884,0.35318800859061283,70
83,C.E. Info System,1815.5,63.1,9934.72,24.13,483.37,38.87,0.04,28.94,51.36,185.33,278.55,32.5,-0.73,1.01,47.71,30.74,9934.72,63.1,32.5,24.13,483.37,38.87,0.04,28.94,51.36,185.33,278.55,-0.73,1.01,47.71,30.74,0.17182390551027388,0.2615653111245141,0.9084668192219679,0.01520953664708502,0.2470129054717149,0.7255678533964173,0.0,0.5017147749314397,0.3515607710403921,71
65,Stylam Industrie,2050.3,28.54,3474.86,27.41,1065.48,18.42,0.05,71.83,52.19,135.76,282.86,46.46,-0.02,1.33,110.18,163.48,3474.86,28.54,46.46,27.41,1065.48,18.42,0.05,71.83,52.19,135.76,282.86,-0.02,1.33,110.18,163.48,0.25186685538581693,0.190886627513214,0.8855835240274599,0.8540781420410913,0.2508898541781543,0.2877694761405241,0.030199914929817138,0.21272704422596922,0.34980184859891544,72
124,Ausom Enter.,102.91,5.02,140.16,16.32,1998.06,0.79,0.0,20.49,73.7,17.67,21.05,29.78,0.0,0.0,8.68,1.78,140.16,5.02,29.78,16.32,1998.06,0.79,0.0,20.49,73.7,17.67,21.05,0.0,0.0,8.68,1.78,0.0,0.022509670731724718,1.0,1.0,0.015385459553350321,0.0,0.9451297320289241,0.6239743356539617,0.34689311705122045,73
15,My Money Sec.,44.44,,74.66,44.04,0.35,-1420.0,0.02,-2.56,63.82,10.9,12.18,17.38,0.0,0.0,190.1,2.38,74.66,,17.38,44.04,0.35,-1420.0,0.02,-2.56,63.82,10.9,12.18,0.0,0.0,190.1,2.38,0.6576943725901708,0.012856761955277239,0.954233409610984,0.5,0.007406681125016753,0.0,0.5248830284985114,0.25945534940888537,0.3454366898189481,74
98,GPT Infraproject,108.94,15.14,1376.62,21.87,1250.12,11.92,0.33,7.2,69.22,130.65,261.39,21.16,-0.37,0.05,93.87,-222.12,1376.62,15.14,21.16,21.87,1250.12,11.92,0.33,7.2,69.22,130.65,261.39,-0.37,0.05,93.87,-222.12,0.11667236077895463,0.18360060626540803,0.24485125858123546,0.7901102848517766,0.23157707257090268,0.1486159576973306,0.7545725223309232,0.6652882351569964,0.3390919121690927,75
79,Systematix Corp.,163.41,40.95,2231.17,25.09,147.74,31.56,0.07,4.07,70.58,36.78,52.29,17.38,-0.03,0.0,-45.35,75.92,2231.17,40.95,17.38,25.09,147.74,31.56,0.07,4.07,70.58,36.78,52.29,-0.03,0.0,-45.35,75.92,0.19525111035189624,0.04975739402831427,0.8398169336384439,0.0,0.04348659124457249,0.5690736657318413,0.8124202467035305,0.66984598272549,0.3353373296815279,76
67,Ceinsys Tech,1319.05,24.25,2353.34,26.61,574.23,19.83,0.16,55.32,50.7,62.24,101.7,27.65,-0.11,0.03,109.27,-540.0,2353.34,24.25,27.65,26.61,574.23,19.83,0.16,55.32,50.7,62.24,101.7,-0.11,0.03,109.27,-540.0,0.23234418468446497,0.0860591750398878,0.6338672768878717,0.688015234071625,0.08793207513904393,0.3179550855258937,0.0,0.6293899624699875,0.3308661334778121,77
126,Sinclairs Hotels,89.38,34.4,458.16,15.33,52.57,28.23,0.18,2.6,62.66,59.1,43.92,34.4,0.39,0.0,-27.95,-50.54,458.16,34.4,34.4,15.33,52.57,28.23,0.18,2.6,62.66,59.1,43.92,0.39,0.0,-27.95,-50.54,0.0,0.08158205043751778,0.5881006864988557,0.6102964312768941,0.03595757484714838,0.497784247821713,0.4755423224159932,0.7658694662835953,0.32818784019530367,78
51,Mangal Electrica,476.0,28.39,1315.19,30.43,549.04,14.91,0.12,23.08,74.44,7.21,33.86,35.4,,,72.18,184.38,1315.19,28.39,35.4,30.43,549.04,14.91,0.12,23.08,74.44,7.21,33.86,,,72.18,184.38,0.32556493728342056,0.007595427629562144,0.7254004576659039,0.7354539880224318,0.02690836278525032,0.2126265761811996,0.9766056997022545,0.27873402922230217,0.3273114008165332,79
64,Pulz Electronics,34.2,11.93,74.58,27.44,37.24,22.85,0.01,1.91,69.66,4.62,8.22,28.16,0.0,0.05,168.29,353.66,74.58,11.93,28.16,27.44,37.24,22.85,0.01,1.91,69.66,4.62,8.22,0.0,0.05,168.29,353.66,0.25259895553711764,0.0039025127505371853,0.977116704805492,0.9745704440898334,0.0038445658402139434,0.3826079510179621,0.7732879625691196,0.0,0.3237786583613371,80
111,Happy Forgings,1013.7,35.22,9559.62,19.17,1437.48,29.27,0.12,28.79,78.52,42.75,691.25,26.11,-0.14,0.04,97.63,225.9,9559.62,35.22,26.11,19.17,1437.48,29.27,0.12,28.79,78.52,42.75,691.25,-0.14,0.04,97.63,225.9,0.05078334716189178,0.05826963411625983,0.7254004576659039,0.3897734649334944,0.6182464857843715,0.5200488107726239,1.0,0.17456471590066047,0.32334222555636877,81
93,Ameya Precision,98.5,17.67,73.88,22.55,38.51,15.4,0.0,5.91,72.29,2.77,10.08,28.74,0.0,0.21,105.78,100.0,73.88,17.67,28.74,22.55,38.51,15.4,0.0,5.91,72.29,2.77,10.08,0.0,0.21,105.78,100.0,0.1332666308751038,0.0012647164083765005,1.0,0.8537427308882843,0.005517680595197081,0.22311661064845575,0.8851552530837946,0.29154564233158275,0.323133580673817,82
109,Nila Infrastruct,9.72,17.23,382.86,19.36,298.17,8.96,0.16,0.56,61.9,181.3,183.64,40.05,-0.14,0.0,14.21,815.01,382.86,17.23,40.05,19.36,298.17,8.96,0.16,0.56,61.9,181.3,183.64,-0.14,0.0,14.21,815.01,0.05541998145346281,0.2558191926061857,0.6338672768878717,0.9704232298066713,0.16163907676448389,0.08524758622166098,0.4432156529136539,0.35098020932888874,0.32217336582501443,83
72,Gabriel India,1243.4,82.54,17860.69,26.14,3763.61,8.79,0.01,15.06,55.0,164.17,471.71,32.44,0.53,0.72,50.04,21.29,17860.69,82.54,32.44,26.14,3763.61,8.79,0.01,15.06,55.0,164.17,471.71,0.53,0.72,50.04,21.29,0.22087461564742072,0.23139462431363836,0.977116704805492,0.0,0.42076497325265194,0.08160818650853127,0.14972352190557225,0.5064899411849328,0.3218625017218979,84
85,Prithvi Exchange,127.6,33.21,105.27,23.84,3315.35,0.12,0.05,3.84,72.02,10.02,12.25,30.53,0.0,0.0,0.52,1.04,105.27,33.21,30.53,23.84,3315.35,0.12,0.05,3.84,72.02,10.02,12.25,0.0,0.0,0.52,1.04,0.1647469373810338,0.011602026397925128,0.8855835240274599,0.5548146609382192,0.0074696478093440755,0.0,0.8736707783921736,0.6437949994334737,0.32030936486792383,85
91,NDR Auto Compon.,956.15,39.06,2274.23,22.85,752.42,10.75,0.16,24.47,73.13,31.51,159.41,32.44,0.11,-0.17,-1.44,-10.52,2274.23,39.06,32.44,22.85,752.42,10.75,0.16,24.47,73.13,31.51,159.41,0.11,-0.17,-1.44,-10.52,0.14058763238811078,0.0422432390428079,0.6338672768878717,0.48131729495322007,0.13984360874661217,0.12356832437755579,0.9208847299021693,0.6608493167494272,0.3195974587902322,86
97,Sanghvi Brands,12.11,12.49,12.61,21.89,12.2,4.75,0.0,0.97,53.13,3.85,3.85,34.4,0.0,0.0,-6.28,45.77,12.61,12.49,34.4,21.89,12.2,4.75,0.0,0.97,53.13,3.85,3.85,0.0,0.0,-6.28,45.77,0.11716042754648842,0.0028046191378540896,1.0,1.0,0.0,0.0,0.07018290089323717,0.6113352842035757,0.3192024470120667,87
106,Atishay,184.1,25.43,202.17,20.35,58.21,17.97,0.1,7.24,74.99,7.09,10.14,32.5,0.0,0.0,51.09,89.34,202.17,25.43,32.5,20.35,58.21,17.97,0.1,7.24,74.99,7.09,10.14,0.0,0.0,51.09,89.34,0.07957928644638591,0.007424327326286855,0.7711670480549199,0.7477887301341736,0.005571652038906215,0.27813577101753373,1.0,0.43054452743719807,0.31224872199466763,88
78,Vadilal Inds.,5277.0,27.12,3794.16,25.11,1279.74,17.55,0.31,194.62,64.73,166.59,361.52,27.47,-0.2,0.03,78.3,142.53,3794.16,27.12,27.47,25.11,1279.74,17.55,0.31,194.62,64.73,166.59,361.52,-0.2,0.03,78.3,142.53,0.19573917711943004,0.23484514709635668,0.29061784897025156,0.6183493201401034,0.3216464168808283,0.2691443129027428,0.563589961718418,0.30966830198379425,0.31072239811603997,89
58,Loyal Equipments,207.0,20.16,223.35,28.26,73.74,22.54,0.19,10.45,70.68,11.47,17.53,34.71,0.0,0.03,101.31,223.37,223.35,20.16,34.71,28.26,73.74,22.54,0.19,10.45,70.68,11.47,17.53,0.0,0.03,101.31,223.37,0.2726096930060034,0.013669488395834855,0.5652173913043477,0.8752383640589473,0.012219134855747825,0.37597139859990203,0.8166737558485756,0.16871896879881088,0.30626199827451256,90
119,Nitin Castings,486.95,17.68,250.36,17.35,146.45,10.58,0.09,27.54,71.39,23.8,36.1,26.11,0.0,0.0,19.22,60.42,250.36,17.68,26.11,17.35,146.45,10.58,0.09,27.54,71.39,23.8,36.1,0.0,0.0,19.22,60.42,0.0063692713163160585,0.03125004455737066,0.7940503432494279,0.8143588468943321,0.028923296683724644,0.11992892466442612,0.8468736707783924,0.5360705201807812,0.3060042658899652,91
100,Bhatia Communic.,25.18,23.83,327.72,21.81,449.44,4.51,0.09,1.1,71.22,8.56,18.31,39.3,0.0,0.16,49.47,51.67,327.72,23.83,39.3,21.81,449.44,4.51,0.09,1.1,71.22,8.56,18.31,0.0,0.16,49.47,51.67,0.11520816047635317,0.009520306041409129,0.7940503432494279,0.8590905351597977,0.012920763623966557,0.0,0.8396427052318164,0.475006545131475,0.30478497453818376,92
25,Taurian MPS,319.35,30.24,283.68,39.32,73.53,20.51,0.27,14.85,63.8,0.14,0.0,34.71,,,107.27,190.92,283.68,30.24,34.71,39.32,73.53,20.51,0.27,14.85,63.8,0.14,0.0,,,107.27,190.92,0.5425106154521943,0.0,0.3821510297482835,0.6916909632037518,0.0,0.33251268437841247,0.5240323266695024,0.1898736851324614,0.303820259926828,93
121,Orbit Exports,219.34,15.19,581.5,17.05,230.08,23.44,0.04,14.44,66.05,105.85,124.2,22.36,-0.02,0.0,119.06,243.33,581.5,15.19,22.36,17.05,230.08,23.44,0.04,14.44,66.05,105.85,124.2,-0.02,0.0,119.06,243.33,0.0,0.1482398769218486,0.9084668192219679,0.812966529054659,0.10817136652996899,0.39523880884588275,0.6197362824330073,0.10656891769038879,0.2991044795248263,94
54,Captain Techno.,159.5,46.01,370.36,29.96,92.16,12.71,0.11,3.47,64.69,8.31,20.07,34.71,0.0,0.0,46.81,49.2,370.36,46.01,34.71,29.96,92.16,12.71,0.11,3.47,64.69,8.31,20.07,0.0,0.0,46.81,49.2,0.31409536824637635,0.00916384707625228,0.7482837528604118,0.40453396801660557,0.014503925972767806,0.1655284622465803,0.5618885580604,0.48387489395044514,0.298612515969749,95
17,Timex Group,403.25,72.59,4070.81,42.56,667.96,12.39,0.11,5.56,59.93,35.44,39.16,29.78,0.51,0.33,74.42,129.17,4070.81,72.59,29.78,42.56,667.96,12.39,0.11,5.56,59.93,35.44,39.16,0.51,0.33,74.42,129.17,0.6215774317926698,0.04784677397507356,0.7482837528604118,0.0,0.031675840312890446,0.15867782749245385,0.3594215227562741,0.3331423487289322,0.29569101166727785,96
36,D.P. Abhushan,1499.5,22.76,3423.05,33.64,3309.4,6.85,0.42,66.23,74.88,11.7,41.76,29.78,0.02,0.0,35.66,65.62,3423.05,22.76,29.78,33.64,3309.4,6.85,0.42,66.23,74.88,11.7,41.76,0.02,0.0,35.66,65.62,0.4038996534725953,0.013997430643779155,0.03890160183066338,0.7592856144917013,0.034014602873619564,0.0400762133116397,0.9953211399404509,0.49213165785985835,0.2943930257500386,97
118,Coral Labs.,487.0,9.42,173.86,17.44,102.17,17.32,0.02,50.13,71.51,0.11,5.99,32.82,0.0,0.0,140.18,129.13,173.86,9.42,32.82,17.44,102.17,17.32,0.02,50.13,71.51,0.11,5.99,0.0,0.0,140.18,129.13,0.00856557177021815,0.0,0.954233409610984,1.0,0.0018386271823578144,0.2642204191732144,0.8519778817524462,0.17989526447821547,0.2933255437100539,98
95,Gujarat Intrux,409.9,14.27,140.81,22.05,62.75,20.51,0.0,28.73,58.61,4.49,7.59,26.11,0.0,0.0,121.78,158.63,140.81,14.27,26.11,22.05,62.75,20.51,0.0,28.73,58.61,4.49,7.59,0.0,0.0,121.78,158.63,0.12106496168675882,0.003717154088655624,1.0,0.8969036674465816,0.0032778656812680407,0.33251268437841247,0.3032752020416845,0.19092505801022674,0.2920283637093273,99
48,Kingfa Science,4473.5,39.47,6062.21,30.55,1790.18,12.6,0.06,126.82,67.02,27.6,103.26,23.86,1.44,8.6,85.41,80.42,6062.21,39.47,23.86,30.55,1790.18,12.6,0.06,126.82,67.02,27.6,103.26,1.44,8.6,85.41,80.42,0.3284933378886234,0.036668220827754776,0.8627002288329519,0.19679712593627996,0.08933533267548141,0.1631735565498493,0.6609953211399404,0.3601767612528104,0.2913092163876505,100
40,Algoquant Fin,64.62,95.6,1816.44,32.78,223.41,16.21,0.33,0.81,73.68,3.09,13.83,30.53,-0.1,-0.03,-53.09,2.68,1816.44,95.6,30.53,32.78,223.41,16.21,0.33,0.81,73.68,3.09,13.83,-0.1,-0.03,-53.09,2.68,0.382912782468642,0.0017209838837772674,0.24485125858123546,0.0,0.008890895827017924,0.2404572798698383,0.9442790301999154,0.7591313326377773,0.2874303481039554,101
80,Interarch Build.,2520.7,33.15,4227.68,24.81,1698.99,9.26,0.01,76.49,59.43,52.36,166.37,21.16,0.14,0.0,51.0,71.47,4227.68,33.15,21.16,24.81,1698.99,9.26,0.01,76.49,59.43,52.36,166.37,0.14,0.0,51.0,71.47,0.18841817560642304,0.07197191673688912,0.977116704805492,0.2521621946717709,0.14610429621687165,0.0916700563036545,0.33815397703105077,0.4500549215363212,0.28319928075044204,102
101,Gravita India,1710.8,34.85,12627.15,21.5,4108.93,9.14,0.2,49.09,55.88,213.06,524.24,21.76,-0.44,0.46,78.16,92.35,12627.15,34.85,21.76,21.5,4108.93,9.14,0.2,49.09,55.88,213.06,524.24,-0.44,0.46,78.16,92.35,0.10764312557957932,0.3011037395397118,0.5423340961098397,0.2300868331837832,0.46801697221999833,0.0891010682708571,0.18715440238196537,0.36419185516465613,0.27868976839610277,103
49,Kaycee Inds.,1076.0,59.49,341.47,30.55,56.06,15.25,0.11,18.09,71.7,6.2,13.79,35.4,0.0,0.0,85.51,88.43,341.47,59.49,35.4,30.55,56.06,15.25,0.11,18.09,71.7,6.2,13.79,0.0,0.0,85.51,88.43,0.3284933378886234,0.006155333410328473,0.7482837528604118,0.18019007721127311,0.008854914864545168,0.21990537560745893,0.860059549128031,0.351292407797426,0.2783499849401747,104
71,Dynamic Cables,365.8,22.96,1772.62,26.37,1126.28,10.43,0.19,15.92,68.18,26.17,85.02,21.87,-0.72,-0.05,74.48,89.75,1772.62,22.96,21.87,26.37,1126.28,10.43,0.19,15.92,68.18,26.17,85.02,-0.72,-0.05,74.48,89.75,0.22648738347405942,0.034629275547057595,0.5652173913043477,0.5787957435495616,0.07292801378790481,0.11671768962342934,0.710336027222459,0.3755782890524537,0.27744276034973875,105
122,Ultra Wiring,110.95,20.62,57.73,16.87,55.85,9.76,0.26,5.38,74.13,1.28,16.02,32.44,0.0,0.0,18.36,-12.57,57.73,20.62,32.44,16.87,55.85,9.76,0.26,5.38,74.13,1.28,16.02,0.0,0.0,18.36,-12.57,0.0,0.0,0.40503432494279157,0.8405884843502817,0.010860853522401296,0.10237417310697708,0.963419821352616,0.6169085093258444,0.27659305105875265,106
77,Brady & Morris,1079.8,35.99,242.96,25.4,89.58,11.23,0.19,102.89,73.98,29.16,9.95,32.55,0.0,0.0,55.05,142.3,242.96,35.99,32.55,25.4,89.58,11.23,0.19,102.89,73.98,29.16,9.95,0.0,0.0,55.05,142.3,0.2028161452486701,0.03889252477033351,0.5652173913043477,0.5435005367560337,0.0054007424671606245,0.13384427650874547,0.9570395576350493,0.3641137823723555,0.27560707394503525,107
87,Alufluoride,449.65,17.15,351.65,23.62,200.2,19.79,0.29,24.0,59.94,33.43,70.22,23.75,0.0,0.0,52.6,75.77,351.65,17.15,23.75,23.62,200.2,19.79,0.29,24.0,59.94,33.43,70.22,0.0,0.0,52.6,75.77,0.15937820293816204,0.044980843895212494,0.33638443935926765,0.7859361132832154,0.05961505767298522,0.3170987561816279,0.35984687367077844,0.44168099048165854,0.2750197382721722,108
68,Univastu India,68.4,21.35,246.15,26.56,153.7,20.36,0.44,3.3,67.46,8.69,15.61,21.16,0.0,0.0,99.34,-259.04,246.15,21.35,21.16,26.56,153.7,20.36,0.44,3.3,67.46,8.69,15.61,0.0,0.0,99.34,-259.04,0.23112401776563044,0.00970566470329069,0.0,0.6046212432072551,0.010492048657055551,0.3293014493374156,0.6797107613781369,0.6525373551831043,0.2744735519603294,109
86,Bemco Hydraulics,114.4,37.09,500.32,23.73,97.59,21.15,0.27,3.07,74.69,12.12,16.72,34.71,0.0,0.0,19.07,198.63,500.32,37.09,34.71,23.73,97.59,21.15,0.27,3.07,74.69,12.12,16.72,0.0,0.0,19.07,198.63,0.16206257015959794,0.014596281705242662,0.3821510297482835,0.5669588505194174,0.01149052036567452,0.34621395388666526,0.9872394725648661,0.3871456522314902,0.273447027287939,110
114,Control Print,700.1,11.74,1119.75,18.46,438.49,17.84,0.02,60.8,52.98,58.31,154.16,25.04,-0.12,-0.19,128.45,240.91,1119.75,11.74,25.04,18.46,438.49,17.84,0.02,60.8,52.98,58.31,154.16,-0.12,-0.19,128.45,240.91,0.03345697691444189,0.08045564010762213,0.954233409610984,0.9460028437668905,0.13512110742206299,0.27535270064866985,0.06380263717566993,0.08650991027884214,0.2700201479498833,111
96,AGI Infra,266.2,45.0,3252.09,22.03,343.86,29.47,0.47,5.91,72.94,43.85,108.19,40.05,1.66,0.0,86.23,2.43,3252.09,45.0,40.05,22.03,343.86,29.47,0.47,5.91,72.94,43.85,108.19,1.66,0.0,86.23,2.43,0.12057689491922502,0.059838053562949974,0.0,0.532179531508165,0.09376998630024853,0.5243304574939529,0.9128030625265845,0.4424988547141224,0.26312596856011927,112
90,Magellanic Cloud,58.66,31.97,3428.06,22.91,636.17,33.25,0.47,1.84,58.3,90.52,334.66,27.65,-0.01,0.0,62.18,169.5,3428.06,31.97,27.65,22.91,636.17,33.25,0.47,1.84,58.3,90.52,334.66,-0.01,0.0,62.18,169.5,0.14205183269071217,0.12638181317843059,0.0,0.5115478347847655,0.2974852005803729,0.6052535805270716,0.290089323692046,0.3181158277491385,0.25733723111002266,113
112,Radix Industries,205.7,102.56,308.7,18.76,48.07,8.84,0.01,2.01,74.96,17.26,19.42,51.29,0.0,0.0,90.63,99.56,308.7,102.56,51.29,18.76,48.07,8.84,0.01,2.01,74.96,17.26,19.42,0.0,0.0,90.63,99.56,0.040777978427448895,0.021925078028867485,0.977116704805492,0.3768408661577801,0.01391923533258553,0.08267859818886354,0.9987239472564865,0.32733637544922,0.25663280541994277,114
74,Raghav Product.,916.55,92.57,4208.06,25.8,227.72,27.83,0.04,9.9,62.91,23.43,79.56,39.37,0.01,0.0,118.74,202.47,4208.06,92.57,39.37,25.8,227.72,27.83,0.04,9.9,62.91,23.43,79.56,0.01,0.0,118.74,202.47,0.21257748059934614,0.030722485288938527,0.9084668192219679,0.11479696950119456,0.06801661241037367,0.4892209543790549,0.4861760952786049,0.15066181946298274,0.2536182064122937,115
60,Danlaw Tech.,764.05,19.67,372.14,28.03,226.35,14.5,0.46,38.84,61.88,30.79,40.79,34.71,0.0,0.0,60.22,112.92,372.14,19.67,34.71,28.03,226.35,14.5,0.46,38.84,61.88,30.79,40.79,0.0,0.0,60.22,112.92,0.26699692517936474,0.04121663722315617,0.0,0.8841608071560748,0.033142064533655244,0.2038492004024751,0.44236495108464513,0.3837942618493768,0.2534453065213635,116
82,Agarwal Toughene,141.7,16.51,250.45,24.38,55.31,36.38,0.36,8.58,63.94,7.65,28.2,42.65,-0.62,-1.47,251.1,331.04,250.45,16.51,42.65,24.38,55.31,36.38,0.36,8.58,63.94,7.65,28.2,-0.62,-1.47,251.1,331.04,0.17792474010444637,0.008222795408238198,0.17620137299771144,0.9976690043046196,0.021817056595355395,0.672261351715871,0.529987239472565,0.0,0.2505237476375209,117
94,Jayant Infratech,82.0,10.21,84.76,22.29,121.61,9.16,0.32,8.28,56.28,8.9,9.71,21.16,0.0,0.0,8.16,79.77,84.76,10.21,21.16,22.29,121.61,9.16,0.32,8.28,56.28,8.9,9.71,0.0,0.0,8.16,79.77,0.12692176289716436,0.010005090234022445,0.2677345537757435,0.9373664805534662,0.005184856692324092,0.08952923294299,0.20416843896214396,0.5409529251922532,0.24871824374963492,118
104,Hypersoft Tech.,91.24,36.59,38.79,20.65,17.83,8.81,0.0,2.49,64.18,0.22,-1.23,27.65,0.0,0.0,84.34,81.61,38.79,36.59,27.65,20.65,17.83,8.81,0.0,2.49,64.18,0.22,-1.23,0.0,0.0,84.34,81.61,0.08690028795939284,0.0,1.0,0.40594169686957216,0.0,0.08203635118066421,0.5401956614206725,0.36138572536216174,0.2473955042722601,119
89,Power Mech Proj.,2396.3,23.76,7576.21,22.93,5520.15,11.92,0.34,100.86,58.33,88.04,387.6,21.16,1.94,-2.3,74.3,101.97,7576.21,23.76,21.16,22.93,5520.15,11.92,0.34,100.86,58.33,88.04,387.6,1.94,-2.3,74.3,101.97,0.14253989945824594,0.12284574024407466,0.22196796338672742,0.5326359629555163,0.34510600441306505,0.1486159576973306,0.29136537643555943,0.36279959610955603,0.24689792502393948,120
107,TPL Plastech,67.32,21.36,525.12,19.85,362.57,11.59,0.31,3.15,74.86,6.14,43.84,21.36,-0.02,0.0,62.23,94.95,525.12,21.36,21.36,19.85,362.57,11.59,0.31,3.15,74.86,6.14,43.84,-0.02,0.0,62.23,94.95,0.06737761725804094,0.006069783258690829,0.29061784897025156,0.6102964312768941,0.03588561292220287,0.1415512406071377,0.9944704381114421,0.39851744253609533,0.23202573176698138,121
66,Advait Energy,1731.0,55.92,1892.91,26.87,456.39,12.29,0.36,31.3,66.81,19.26,49.85,21.87,0.0,-0.15,5.26,-77.46,1892.91,55.92,21.87,26.87,456.39,12.29,0.36,31.3,66.81,19.26,49.85,0.0,-0.15,5.26,-77.46,0.2386890526624044,0.02477674975012228,0.17620137299771144,0.0,0.041291752533734405,0.1565370041317893,0.6520629519353469,0.7175301792671581,0.23032884793566993,122
116,WSFX Global,68.5,27.6,86.12,18.0,95.27,10.55,0.38,2.49,57.62,16.26,20.27,57.68,0.0,0.0,-6.85,98.19,86.12,27.6,57.68,18.0,95.27,10.55,0.38,2.49,57.62,16.26,20.27,0.0,0.0,-6.85,98.19,0.022231441261164494,0.02049924216824009,0.13043478260869545,0.9106878137285872,0.014683830785131585,0.11928667765622677,0.26116546150574227,0.5560474560327116,0.2225208386439389,123
127,Raunaq Intl.,65.0,10.81,21.73,15.05,28.53,4.31,0.22,6.01,52.28,0.87,-0.69,21.16,0.0,0.0,29.81,149.03,21.73,10.81,21.16,15.05,28.53,4.31,0.22,6.01,52.28,0.87,-0.69,0.0,0.0,29.81,149.03,0.0,0.0,0.49656750572082364,0.9194448340177636,0.0,0.0,0.034028073160357476,0.41568087644050467,0.20565476909795227,124
125,Walpar Nutrition,44.0,17.81,41.32,16.08,71.76,7.97,0.47,2.47,68.61,1.12,10.51,32.82,0.0,0.0,42.17,67.07,41.32,17.81,32.82,16.08,71.76,7.97,0.47,2.47,68.61,1.12,10.51,0.0,0.0,42.17,67.07,0.0,0.0,0.0,0.8993540603058884,0.005904475941779204,0.06405343495108226,0.7286261165461507,0.4753903978909033,0.20467106263081802,125
46,South. Magnesium,123.0,27.95,36.9,31.16,6.7,21.04,0.25,4.4,50.94,3.33,3.41,21.76,0.0,0.0,123.92,447.92,36.9,27.95,21.76,31.16,6.7,21.04,0.25,4.4,50.94,3.33,3.41,0.0,0.0,123.92,447.92,0.34337937429840426,0.002063184490327843,0.4279176201372996,0.43050289329397917,0.0,0.34385904818993435,0.0,0.09523998228396913,0.2036024652624631,126
81,Integra Engg.,225.05,41.23,774.74,24.45,175.8,18.97,0.32,5.46,54.39,3.3,53.38,34.71,-0.05,0.1,77.82,199.27,774.74,41.23,34.71,24.45,175.8,18.97,0.32,5.46,54.39,3.3,53.38,-0.05,0.1,77.82,199.27,0.17963297379081467,0.0020204094145090208,0.2677345537757435,0.49157331088246214,0.04446707247195509,0.29954400462417885,0.12377711612079982,0.24950483720885486,0.19027715220386693,127
